job,location,salary
Chauffeur VTC (H/F) - JUST DRIVE,"Versailles, Île-de-France 78000",
Chauffeur VTC (H/F) - JUST DRIVE,"Rennes, Bretagne 35000",
Chauffeur VTC (H/F) - JUST DRIVE,"Lille, Hauts-de-France 59000",
Chauffeur VTC (H/F) - JUST DRIVE,"Toulouse, Occitanie 31000",
Chauffeur VTC (H/F) - JUST DRIVE,"Paris, Île-de-France 75001",
Chauffeur VTC (H/F) - JUST DRIVE,"Lyon, Auvergne-Rhône-Alpes 69001",
Chauffeur VTC (H/F) - JUST DRIVE,"Créteil, Île-de-France 94000",
Chauffeur VTC (H/F) - JUST DRIVE,"Bordeaux, Nouvelle-Aquitaine 33000",
Chauffeur Manutentionnaire (h/f) - CHIMIREC,"Béville-Le-Comte, Centre-Val de Loire 28700",
CHAUFFEUR LIVREUR (H/F) - QUATRA FRANCE,"Quimper, Bretagne 29000",
CHAUFFEUR LIVREUR (H/F) - QUATRA FRANCE,"Ivry-sur-Seine, Île-de-France 94200",
CHAUFFEUR LIVREUR (H/F) - QUATRA FRANCE,"Marseille, Provence-Alpes-Côte d'Azur 13001",
CHAUFFEUR LIVREUR (H/F) - QUATRA FRANCE,"Montpellier, Occitanie 34000",
CHAUFFEUR LIVREUR (H/F) - QUATRA FRANCE,"Aix-en-Provence, Provence-Alpes-Côte d'Azur 13090",
CHAUFFEUR LIVREUR H/F - Maximo,ETAMPES,
Alternant Conducteur de centrale H/F - Eqiom,"Longwy, Grand Est 57100",
CHAUFFEUR PL H/F CACES GRUE AUXILIAIRE R390 - Ras,"Puget-sur-Argens, Provence-Alpes-Côte d'Azur 83480",
CHAUFFEUR PL H/F CACES GRUE AUXILIAIRE R390 - RAS INTERIM,"Puget-sur-Argens, Provence-Alpes-Côte d'Azur 83480",
CHAUFFEUR VL / MANUTENTIONNAIRE H/F en CDI - Ras,"Puget-sur-Argens, Provence-Alpes-Côte d'Azur 83480",Salaire à partir de 10 /heure
CHAUFFEUR H/F C BRAS DE GRUE - Ergalis Transport Logistique Evry,"Massy, Bourgogne-Franche-Comté 71250",
CHAUFFEUR H/F EC - Ergalis Transport Logistique Evry,"Chilly-Mazarin, Île-de-France 91380",Salaire 11 - 11 /heure
CHAUFFEUR H/F EC - Ergalis Transport Logistique Evry,"Le Coudray-Montceaux, Île-de-France 91830",
CHAUFFEUR H/F EC ( SPL ) - Ergalis Transport Logistique Evry,"Ollainville, Île-de-France 91340",
OPERATEURS(trices) LOGISTIQUES - CACES 1-5 (H/F) - CRIT MONTLUEL,"Saint-Vulbas, Auvergne-Rhône-Alpes 01150",
CONDUCTEUR(TRICE) SUPER POIDS LOURD (H/F) - NEXUS RECRUTEMENT,"La Queue-en-Brie, Île-de-France 94510","Salaire 30,500 - 30,700 /an"
CHAUFFEUR SPL - - ATRIUM,"Perpignan, Occitanie 66000",
Chauffeur PL F/H - Synergie,"Cestas, Nouvelle-Aquitaine 33610",
Ouvrier Polyvalent/Chauffeur Poids Lourd H/F - Page Personnel,"Carpentras, Provence-Alpes-Côte d'Azur 84200","Salaire 24,000 - 30,000 /an"
CHAUFFEUR PL H/F - ATOUT TRAVAIL TEMPORAIRE,"Annecy, Auvergne-Rhône-Alpes 74000",
CHAUFFEUR HYDROCUREUR (H/F) - INTERNIM,"Nîmes, Occitanie 30000",
AGENT LOGISTIQUE/CHAUFFEUR PL (H/F) - Sofitex,"Lingolsheim, Grand Est 67380",
CHAUFFEUR SPL/GRUE AUXILIARE - ATRIUM,"Perpignan, Occitanie 66000",
PRÉPARATEUR DE COMMANDES/CARISTE (H/F) - Sofitex,"Strasbourg, Grand Est 67000",
Conducteur de Process Chimie H/F - Page Personnel,"Pithiviers, Centre-Val de Loire 45300","Salaire 20,000 - 23,000 /an"
Magasinier Cariste F/H (H/F) - Randstad Inhouse - DDO Sud Est,"Carros, Provence-Alpes-Côte d'Azur 06510",
Cariste F/H - Synergie,"Brumath, Grand Est 67170",
Conducteur caces chargeur H/F - Hays France,"Solferino, Nouvelle-Aquitaine","Salaire 25,000 - 27,950 /an"
Conducteur de Travaux Publics F/H - Synergie,"Laon, Hauts-de-France 02000",
MAGASINIER CARISTE H/F - JOB LINK,"Cestas, Nouvelle-Aquitaine 33610",
CONDUCTEUR DE PROCESS EN CHIMIE (F/H) - Randstad Troyes,"Bucheres, Grand Est 10800","Salaire à partir de 28,500 /an"
CONDUCTEUR D'ENGINS DE CHANTIER (H/F) - Sofitex,"Reichstett, Grand Est 67800",
Magasinier Cariste Pièces Electroniques H/F - Page Personnel,"Gagny, Île-de-France 93220","Salaire 1,668 - 19,000 /an"
Chauffeur SPL  porte caisse  traction nuit (H/F)  Fleury-Mérogis (91) - Trouvée sur : Sarrazain Transport,"Fleury-Mérogis, Île-de-France 91700",
Chauffeur SPL traction nuit avec découchés (H/F)  Fleury-Mérogis (91) - Trouvée sur : Sarrazain Transport,"Fleury-Mérogis, Île-de-France 91700",
Chauffeur SPL  porte caisse  traction nuit (H/F)  Chilly-mazarin (91) - Trouvée sur : Sarrazain Transport,"Chilly-Mazarin, Île-de-France 91380",
Chauffeur Livreur H/F - Trouvée sur : Restoria,"Angers, Pays-de-la-Loire 49000",
Chauffeur Livreur Commercial H/F - Trouvée sur : Elis Services,"Saint-Cloud, Île-de-France 92210",
Chauffeur (H/F) - Trouvée sur : Loxam,"Poitiers, Nouvelle-Aquitaine 86000",
Chauffeur SPL traction nuit (H/F)  Mitry-Mory (77) - Trouvée sur : Sarrazain Transport,"Mitry-Mory, Île-de-France 77290",
Chauffeur PL SPL TP - Conducteur engins raboteur H/F - Agence FRAISAVIA - (33)(17)(16) - Trouvée sur : Soloc,"Engins, Auvergne-Rhône-Alpes 38360",
Chauffeur PL H/F - Trouvée sur : Groupe NGE,"Saint-Etienne-du-Grès, Provence-Alpes-Côte d'Azur 13103",
Chauffeur SPL traction nuit (H/F)  Rungis (94) - Trouvée sur : Sarrazain Transport,"Rungis, Île-de-France 94150",
Chauffeur Livreur PL Toulouse (H/F) - Trouvée sur : Groupe Saint-Gobain - Compagnie de Saint-Gobain,"Toulouse, Occitanie 31000",
"Un Chauffeur avec permis B (H/F) - CDI temps plein - ITEP ""Le Petit Sénart"" - TIGERY (91) - Trouvée sur : Association Olga Spitzer - Sse 94","Tigery, Île-de-France 91250",
"Garde du corps, Chauffeur (H/F) - Trouvée sur : Madame est Servie","Mortagne-sur-Sèvre, Pays-de-la-Loire 85290",
Chauffeur SPL H/F - Trouvée sur : STG Société des Transports Gautier,"Le Mans, Pays-de-la-Loire 72000",
"1 chauffeur (F-H), en charge du suivi des véhicules (H/F) - Trouvée sur : Association pour la Réadaptation et l'Intégration","Cadaujac, Nouvelle-Aquitaine 33140",
CHAUFFEUR LIVREUR H/F - Trouvée sur : Acto Interim,Cournon-d'Auvergne,
Chauffeur Poids Lourd avec Grue H/F - Trouvée sur : Groupe Samse,"Montélimar, Auvergne-Rhône-Alpes 26200",
1 Technicien H/F Assainissement Polyvalent CHAUFFEUR PL en CDD 35H - Trouvée sur : ISS France - ISS Facility Services / ISS Hygiène & Prévention / ISS Espaces Verts,"Orléans, Centre-Val de Loire 45000",
Employé Commercial / Préparateur de Commandes / Chauffeur Livreur - H/F - Trouvée sur : Galec - E.leclerc - Groupements d'Achats des Centres E.Leclerc,"Capbreton, Nouvelle-Aquitaine 40130",
Chauffeur Livreur PL Secteur Cahors (H/F) - Trouvée sur : Groupe Saint-Gobain - Compagnie de Saint-Gobain,"Cahors, Occitanie 46000",
Chauffeur - Opérateur PL Camion Hydrocureur (H/F) - Trouvée sur : ISS France - ISS Facility Services / ISS Hygiène & Prévention / ISS Espaces Verts,"Paris, Île-de-France 75017",
Chauffeur (H/F) - Trouvée sur : Loxam,"Creil, Hauts-de-France 60100",
Chauffeur-Livreur PL (H/F) - Trouvée sur : Dupont Restauration,"Thiais, Île-de-France 94320",
Chauffeur(se) SL (H/F) - Trouvée sur : Artus interim CDD CDI,ALENCON,
CHAUFFEUR VL/ MANOEUVRE (H/F) - Trouvée sur : Adworks,Rezé - Agence d'intérim Adwork's,
Chauffeur(se) PL (H/F) - Trouvée sur : Artus interim CDD CDI,ARGENTAN,
Chauffeur (H/F) - Trouvée sur : Loxam,"Champagne-au-Mont-d'Or, Auvergne-Rhône-Alpes 69410",
Chauffeur(se) PL (H/F) - Trouvée sur : Artus interim CDD CDI,CESTAS,
Chauffeur(se) PL (H/F) - Trouvée sur : Artus interim CDD CDI,SAINT MARTIN D'ABBAT,
Chauffeur(se) PL (H/F) - Trouvée sur : Artus interim CDD CDI,ORVAL,
MANOEUVRE/ CHAUFFEUR PL (H/F) - Trouvée sur : Adworks,Rezé - Agence d'intérim Adwork's,
Chauffeur(se) PL (H/F) - Trouvée sur : Artus interim CDD CDI,CESTAS,
Chauffeur(se) SL (H/F) - Trouvée sur : Artus interim CDD CDI,BOURGES,
Chauffeur (H/F) - Trouvée sur : Loxam,"Grenoble, Auvergne-Rhône-Alpes 38000",
Egoutier Chauffeur (H/F) - Trouvée sur : Ville dOrlâ®ans,,
Chauffeur Livreur - Be Besancon H/f (H/F) - Trouvée sur : Groupe Bolloré - Bolloré SA,"Besançon, Bourgogne-Franche-Comté 25000",
Chauffeur grue auxiliaire (H/F) - Trouvée sur : Artus interim CDD CDI,VANNES,
Chauffeur (H/F) - Trouvée sur : Loxam,"Bourgoin-Jallieu, Auvergne-Rhône-Alpes 38300",
Chauffeur Poids Lourd (H/F) - Trouvée sur : CHU DE NICE,"Nice, Provence-Alpes-Côte d'Azur 06000",
Chauffeur Livreur avec CACES grue H/F - CDI - Trouvée sur : Groupe Barillet,"Limoges, Nouvelle-Aquitaine 87000",
Chauffeur(se) SL (H/F) - Trouvée sur : Artus interim CDD CDI,ST JEAN D ILLAC,
Chauffeur(se) PL (H/F) - Trouvée sur : Artus interim CDD CDI,BOURGES,
Chauffeur Pl H/f Pc2m (H/F) - Trouvée sur : Dispam - Groupe 2M,"Le Pontet, Provence-Alpes-Côte d'Azur 84130",
Chauffeur/Livreur Poinds Lourds H/F - Trouvée sur : Le Paradis Desjardins,"Trouville, Normandie 76210",
CHAUFFEUR PL H/F - Trouvée sur : Acto Interim,Cohade,
CHAUFFEUR SPL ADR H/F - Trouvée sur : Acto Interim,Gannat,
CHAUFFEUR SPL H/F - Trouvée sur : Acto Interim,Saint-Rémy-en-Rollat,
chauffeur fioul - H/F - Trouvée sur : Galec - E.leclerc - Groupements d'Achats des Centres E.Leclerc,"Les Herbiers, Pays-de-la-Loire 85500",
Chauffeur(se) SL (H/F) - Trouvée sur : Artus interim CDD CDI,Limoges,
CHAUFFEURS SPL(H/F) - Trouvée sur : Adworks,Blois - Agence d'intérim Adwork's,
CHAUFFEUR PL CACES GRUE AUXILIAIRE (H/F) - Trouvée sur : Adworks,Angers - Agence d'intérim Adwork's,
CHAUFFEUR BULLDOZER (H/F) - Trouvée sur : Adworks,Rezé - Agence d'intérim Adwork's,
Chauffeur poids lourd H/F - Trouvée sur : Spie batignolles,"Toulouse, Occitanie 31000",
CHAUFFEUR PL TP (H/F) - Trouvée sur : Adworks,Jonzac - Agence d'intérim Adwork's,
CHAUFFEUR LIVREUR PL H/F - Trouvée sur : Euralis,,
Chauffeur (H/F) - Trouvée sur : Loxam,"Jaux, Hauts-de-France 60880",
Chauffeur(se) SL (H/F) - Trouvée sur : Artus interim CDD CDI,NOGENT LE PHAYE,
CHAUFFEUR LIVREUR PL H/F - Trouvée sur : Alimentaire,,
Chauffeur SPL  porte caisse  traction nuit (H/F)  Tours (37) - Trouvée sur : Sarrazain Transport,"Tours, Centre-Val de Loire 37000",
Chauffeur SPL Frigo H/F (CONDSPLSTG35022020) - Trouvée sur : STG Société des Transports Gautier,"Rennes, Bretagne 35000",
CHAUFFEUR SPL (H/F) - Trouvée sur : Adworks,Longjumeau - Agence d'intérim Adwork's,
Chauffeur Super Lourd H/F - Trouvée sur : ELIS,"Herblay, Île-de-France 95220",
Chauffeur Livreur Commercial H/F - Trouvée sur : ELIS,"Trappes, Île-de-France 78190",
Chauffeur Poids Lourd H/F - Trouvée sur : ELIS,"Aubière, Auvergne-Rhône-Alpes 63170",
CHAUFFEUR PL (H/F) CUSSET 03 CDD 152h 04-07 - Trouvée sur : Transports Chalavan et Duc,"Cusset, Auvergne-Rhône-Alpes 03300",
Chauffeur Livreur Commercial H/F - Trouvée sur : ELIS,"Ballainvilliers, Île-de-France 91160",
Chauffeur PATA/Bouille (H/F) - Trouvée sur : Spie batignolles,"Toulouse, Occitanie 31000",
Chauffeur Trax (H/F) - Trouvée sur : Spie batignolles,"Toulouse, Occitanie 31000",
Chauffeur(se) SL (H/F) - Trouvée sur : Artus interim CDD CDI,BOURGES,
Chauffeur Livreur (19) H/F - Trouvée sur : Krill As - Prenot Guinard,"Brive-la-Gaillarde, Nouvelle-Aquitaine 19100",
Chauffeurs Spl H/f Landivisiau (29) (H/F) - Trouvée sur : Malherbe Transports,"Landivisiau, Bretagne 29400",
1 Chauffeur Magasinier Cariste Poids-lourd Grue H/f (H/F) - Trouvée sur : BigMat France,"Verneuil-sur-Avre, Normandie 27130",
Chauffeur-Livreur (64) H/F - Trouvée sur : ACHILLE BERTRAND,"Orthez, Nouvelle-Aquitaine 64300",
Chauffeur PL avec Grue Auxiliaire H/F - Trouvée sur : Groupe Samse,"La Tour-de-Salvagny, Auvergne-Rhône-Alpes 69890",
1 Magasinier Cariste Chauffeur PL/SPL/CAC ES GRUE 1/3/5 H/F - Trouvée sur : BigMat France,"Val-de-Reuil, Normandie 27100",
Chauffeur-Livreur (85) H/F - Trouvée sur : ACHILLE BERTRAND,"Les Herbiers, Pays-de-la-Loire 85500",
Chauffeurs-livreurs Pl H/f (le Luc) (H/F) - Trouvée sur : Sysco France Sas,"Le Luc, Provence-Alpes-Côte d'Azur 83340",
OFFRE DEMPLOI  Chauffeur Poids Lourd H/F - Trouvée sur : Sotrinbois,"Villiers-Couture, Nouvelle-Aquitaine 17510",
Chauffeur-livreur F/H - Trouvée sur : L'Alsacienne de Restauration - Elior Group,"Longwy, Grand Est 54400",
Chauffeur (h/f) - Trouvée sur : DFP NUTRALIANCE,"Saint-Ybard, Nouvelle-Aquitaine 19140",
CHAUFFEUR SPL/PL TP H/F - Trouvée sur : Acto Interim,Issoire,
Chauffeur-livreur F/H - Trouvée sur : Elior Group,"Longwy, Grand Est 54400",
Chauffeur SPL (H/F) - Trouvée sur : Adworks,Valréas - Agence d'Intérim Adwork's,
Chauffeur(se) SL (H/F) - Trouvée sur : Artus interim CDD CDI,CHERRE,
Chauffeur(se) SL (H/F) - Trouvée sur : Artus interim CDD CDI,YVRE L EVEQUE,
Chauffeur(se) SL (H/F) - Trouvée sur : Artus interim CDD CDI,ORGERES EN BEAUCE,
Chauffeur(se) PL (H/F) - Trouvée sur : Artus interim CDD CDI,NEUVILLE AUX BOIS,
Chauffeur(se) PL (H/F) - Trouvée sur : Artus interim CDD CDI,CHERRE,
Chauffeur-livreur F/H - Trouvée sur : Elior Group,"Longwy, Grand Est 54400",
Chauffeur Livreur PL (H/F) - Trouvée sur : Groupe Saint-Gobain - Compagnie de Saint-Gobain,"Marmande, Nouvelle-Aquitaine 47200",
Chauffeur(se) SL (H/F) - Trouvée sur : Artus interim CDD CDI,LUTZ EN DUNOIS,
Chauffeur(se) SL (H/F) - Trouvée sur : Artus interim CDD CDI,BROU,
Chauffeur Livreur Polyvalent (H/F) - Trouvée sur : Dyneff,"Narbonne, Occitanie 11100",
CHAUFFEUR BETAILLERE h/f - Trouvée sur : GROUPE SICAREV,"Champs, Auvergne-Rhône-Alpes 63440",
Chauffeurs SPL traction nuit (H/F) - Lognes 77 - Trouvée sur : Sarrazain Transport,"Lognes, Île-de-France 77185",
Chauffeur SPL - traction nuit (H/F)  Chilly-mazarin (91) - Trouvée sur : Sarrazain Transport,"Chilly-Mazarin, Île-de-France 91380",
Chauffeur SPL traction nuit (H/F)  Annecy (74) - Trouvée sur : Sarrazain Transport,"Annecy, Auvergne-Rhône-Alpes 74000",
Chauffeur Livreur (3D) H/F - Trouvée sur : ELIS,"Bondoufle, Île-de-France 91070",
Chauffeur PL Zone Courte H/F - Trouvée sur : STG,"Champagné, Pays-de-la-Loire 72470",
Chauffeur blanchisserie / agent de maintenance (H/F) - Trouvée sur : Association Familiale pour Personnes Handicapées,"Grenoble, Auvergne-Rhône-Alpes 38100",
Chauffeur SPL Régionale H/F - Trouvée sur : STG,"Communay, Auvergne-Rhône-Alpes 69360",
Chauffeur SPL traction nuit avec découchés (H/F)  Orléans (45) - Trouvée sur : Sarrazain Transport,"Orléans, Centre-Val de Loire 45000",
Chauffeur SPL ramasse jour (H/F)  Lille (59) - Trouvée sur : Sarrazain Transport,"Lille, Hauts-de-France 59000",
Chauffeur Livreur - BIGANOS (H/F) - Trouvée sur : GROUPE MERICQ,"Biganos, Nouvelle-Aquitaine 33380",
Chauffeur SPL H/F - Trouvée sur : STG,"Nomexy, Grand Est 88440",
Chauffeur Livreur (H/F) ROYAN - Trouvée sur : GROUPE MERICQ,"Royan, Centre-Val de Loire 17200",
Chauffeur d'engins polyvalent / Poids-Lourd H/F (35) - Trouvée sur : SERPE,"Thorigné-Fouillard, Bretagne",
Chauffeur SPL H/F - Trouvée sur : Acto Interim,Cournon-d'Auvergne,
Chauffeur Poids Lourds Dans Les Travaux Publics F/h (H/F) - Trouvée sur : Resonance,"Le Tâtre, Nouvelle-Aquitaine 16360",
Chauffeur Porteur Avec Grue Auxiliaire (f/h) - Trouvée sur : Groupe Brangeon - Brangeon Services,"Cholet, Pays-de-la-Loire 49300",
Chauffeur PL/SPL Distribution H/F - Trouvée sur : GT solutions,"Bassens, Nouvelle-Aquitaine 33530",
Chauffeur SPL traction nuit avec découchés (H/F)  Montargis (45) - Trouvée sur : Sarrazain Transport,"Montargis, Centre-Val de Loire 45200",
Chauffeur livreur F/H  Chateau-Gontier (53) - Trouvée sur : Groupe Convivio,"Mayenne, Pays-de-la-Loire 53100",
CHAUFFEUR SPL (H/F) - Trouvée sur : Acto Interim,,
Chauffeur SPL traction jour (H/F)  Toulouse (31) - Trouvée sur : Sarrazain Transport,"Toulouse, Occitanie 31200",
Chauffeur SPL H/F - Trouvée sur : STG,"Ludres, Grand Est 54710",
Chauffeur(se) PL (H/F) - Trouvée sur : Artus interim CDD CDI,SCEAUX SUR HUISNE,
Chauffeur-livreur PL/SPL en distribution H/F - Trouvée sur : Frevial FORMERIE LOGISTIQUE,"Formerie, Hauts-de-France 60220",
CHAUFFEUR LIVREUR(H/F) - Trouvée sur : Adworks,Angers - Agence d'intérim Adwork's,
Chauffeur Poids Lourd / Grue H/F - Trouvée sur : Groupe Samse,"Saint-Pierre-d'Albigny, Auvergne-Rhône-Alpes 73250",
Chauffeur livreur (H/F) à Toulon - Trouvée sur : DO du Choletais,"Toulon, Provence-Alpes-Côte d'Azur 83000",
Chauffeur(se) toupie (H/F) - Trouvée sur : Artus interim CDD CDI,ST GILLES CROIX DE VIE,
Chauffeur(se) SL (H/F) - Trouvée sur : Artus interim CDD CDI,CHEMILLE EN ANJOU,
Chauffeur(se) SL (H/F) - Trouvée sur : Artus interim CDD CDI,ECOUFLANT,
Chauffeur Livreur H/f (H/F) - Trouvée sur : BigMat France,"Blénod-lès-Pont-à-Mousson, Grand Est 54700",
Chauffeur d'aspiratrice F/H - Trouvée sur : Groupe Vinci - Vinci Holding,"Montpellier, Occitanie 34000",
Chauffeurs Spl H/f Saint Etienne Du Rouvray (76) (H/F) - Trouvée sur : Malherbe Transports,"Saint-Etienne-du-Rouvray, Normandie 76800",
Chauffeur(se) PL (H/F) - Trouvée sur : Artus interim CDD CDI,ETAMPES,
Chauffeur(se) SL (H/F) - Trouvée sur : Artus interim CDD CDI,JANVILLE,
Chauffeur PL Zone Courte H/F - Trouvée sur : STG Société des Transports Gautier,"Le Mans, Pays-de-la-Loire 72000",
Chauffeur de car - F/H - Trouvée sur : Ville de Suresnes,,
Chauffeur(se) PL (H/F) - Trouvée sur : Artus interim CDD CDI,YVRAC,
Chauffeurs Spl H/f Ploufragan (22) (H/F) - Trouvée sur : Malherbe Transports,"Ploufragan, Bretagne 22440",
Chauffeur(se) PL (H/F) - Trouvée sur : Artus interim CDD CDI,ST AMAND MONTROND,
Chauffeur(se) SL (H/F) - Trouvée sur : Artus interim CDD CDI,ORVAL,
Chauffeurs Spl H/f Cestas (33) (H/F) - Trouvée sur : Malherbe Transports,"Cestas, Nouvelle-Aquitaine 33610",
Chauffeur(se) livreur(se) (H/F) - Trouvée sur : Artus interim CDD CDI,NOGENT LE ROTROU,
Chauffeur(se) SL (H/F) - Trouvée sur : Artus interim CDD CDI,CARBON BLANC,
Chauffeur(se) PL (H/F) - Trouvée sur : Artus interim CDD CDI,ST AMAND MONTROND,
Chauffeur de Niveleuse F/H - Trouvée sur : Eurovia - Vinci Groupe,"Nîmes, Occitanie 30000",
Chauffeur(se) PL (H/F) - Trouvée sur : Artus interim CDD CDI,DINARD,
Chauffeur Livreur (h/f) - Trouvée sur : Ouest Boissons Ditribution,"Coëtmieux, Bretagne 22400",
Chauffeurs Spl H/f Le Rheu (35) (H/F) - Trouvée sur : Malherbe Transports,"Le Rheu, Bretagne 35650",
Chauffeur Spl H/f Bordeaux (33) (H/F) - Trouvée sur : Malherbe Transports,"Bordeaux, Nouvelle-Aquitaine 33000",
"Offre d'emploi : Chauffeur/Jardinier (H/F) - Perthes, Cély et Chailly en Bière - Trouvée sur : Générale des Services - Groupe GDS","Chailly-en-Bière, Île-de-France 77930",
Chauffeur SPL Régionale H/F - Trouvée sur : STG Société des Transports Gautier,"Lyon, Auvergne-Rhône-Alpes 69001",
CHAUFFEUR SPL AMPIROLL (H/F) - Trouvée sur : Adworks,Angers - Agence d'intérim Adwork's,
Chauffeur livreur H/F - Trouvée sur : Api Restauration,"Château-Gontier, Pays-de-la-Loire 53200",
Chauffeur PL H/F - CDD - Trouvée sur : Groupe Barillet,"Lyon, Auvergne-Rhône-Alpes 69001",
Chauffeur Livreur F/H - Trouvée sur : Groupe Bigard Viandes,"Quimperlé, Bretagne 29300",
CHAUFFEUR PL(H/F) - Trouvée sur : Adworks,Ancenis - Agence d'intérim Adwork's,
CHAUFFEUR SPL (H/F) - Trouvée sur : Adworks,Bourges - Agence d'intérim Adwork's,
CHAUFFEUR TP (H/F) - Trouvée sur : Adworks,Bourges - Agence d'intérim Adwork's,
Chauffeurs Laitiers (H/F) - Trouvée sur : Eurial,"Nantes, Pays-de-la-Loire 44000",
Magasiner Cariste/ Chauffeur Livreur H/F - Trouvée sur : BigMat France,"Paris, Île-de-France 75009",
Chauffeur de Pelle à Chenille H/F - Trouvée sur : Groupe NGE,"Biard, Nouvelle-Aquitaine 86580",
Chauffeur(se) toupie (H/F) - Trouvée sur : Artus interim CDD CDI,LAVAL,
Chauffeur SPL H/F - Trouvée sur : Acto Interim,Riom,
Chauffeur Pl Remorque Caisson Mobile Alencon 61 (H/F) - Trouvée sur : TREMBLAYE,"Alençon, Normandie 61000",
Chauffeurs d'engin H/F - Trouvée sur : Groupe NGE,"Limoges, Nouvelle-Aquitaine 87000",
Ouvrier Voirie - Chauffeur PL-SPL H/F - Trouvée sur : Colas SA,"Le Mans, Pays-de-la-Loire 72000",
Chauffeur livreur H/F - Trouvée sur : BigMat France,"Clermont-Ferrand, Auvergne-Rhône-Alpes 63000",
CHAUFFEUR POIDS LOURD H/F - Trouvée sur : Alimentaire,,
Chauffeur Livreur PL (H/F) - Roanne (42) - Trouvée sur : Groupe Saint-Gobain - Compagnie de Saint-Gobain,"Roanne, Auvergne-Rhône-Alpes 42300",
Chauffeur PL/Magasinier-Cariste (H/F) - Trouvée sur : Gedimat- Gedex,"Levallois-Perret, Île-de-France 92300",
Chauffeur livreur H/F - Trouvée sur : BigMat France,"Gelles, Auvergne-Rhône-Alpes 63740",
CHAUFFEUR POIDS LOURD H/F - Trouvée sur : Euralis,,
Chauffeur (H/F) - Trouvée sur : Croix-Rouge française,,
Chauffeur(se) SL (H/F) - Trouvée sur : Artus interim CDD CDI,RENNES,
Chauffeur / Chauffeuse de poids lourd (H/F) - Trouvée sur : EUROPE CAMIONS INTERACTIVE,"Saint-Loubès, Nouvelle-Aquitaine 33450",
Chauffeur SPL H/F  CDI  Lorient (56) - Trouvée sur : Sotrama,"Lorient, Bretagne 56100",
Chauffeur - Intendant | Deauville (14) (H/F) - Trouvée sur : Immobilier Neuf SAS,"Deauville, Normandie 14800",
Chauffeur grue auxiliaire (H/F) - Trouvée sur : Artus interim CDD CDI,Le mans,
Chauffeur Poids Lourd H/F - Trouvée sur : Elis Services,"Saint-Cloud, Île-de-France 92210",
Chauffeur de répandeuse F/H - Trouvée sur : Eurovia - Vinci Groupe,"Annecy, Auvergne-Rhône-Alpes 74000",
Chauffeur PL Grue Auxiliaire H/F - Trouvée sur : GT solutions,"Toulouse, Occitanie 31000",
Chauffeur PL/SPL Distribution H/F - Trouvée sur : GT solutions,"Toulouse, Occitanie 31000",
Chauffeur Porteur F/H - Trouvée sur : OGF SA - PFG Services Funéraires,"Beaucé, Bretagne 35133",
Chauffeurs PL SPL - Intérim (H/F) - Trouvée sur : GT solutions,"Bordeaux, Nouvelle-Aquitaine 33100",
Chauffeur PL Déchets ADR (H/F) - Trouvée sur : GT solutions,"Hagetmau, Nouvelle-Aquitaine 40700",
CHAUFFEUR BETAILLERE h/f - Trouvée sur : GROUPE SICAREV,"Billy-Chevannes, Bourgogne-Franche-Comté 58270",
Chauffeur PL Pneumatique H/F - Trouvée sur : GT solutions,"Serres-Castet, Nouvelle-Aquitaine 64121",
Chauffeurs PL Malaxeur Toupie Béton - Intérim (H/F) - Trouvée sur : GT solutions,"Bordeaux, Nouvelle-Aquitaine 33000",
Chauffeur Livreur Commercial H/F - Trouvée sur : ELIS,"Aubière, Auvergne-Rhône-Alpes 63170",
Chauffeur SPL Frigorifique H/F - Trouvée sur : GT solutions,"La Brède, Nouvelle-Aquitaine 33650",
CHAUFFEUR SPL REGIONAL (H/F) - Trouvée sur : Adworks,Orléans Bannier - Agence d'Intérim Adwork's,
CHAUFFEUR SPL NATIONAL (H/F) - Trouvée sur : Adworks,Orléans Bannier - Agence d'Intérim Adwork's,
Chauffeurs Grue PL SPL - Intérim (H/F) - Trouvée sur : GT solutions,"Bordeaux, Nouvelle-Aquitaine 33000",
CHAUFFEUR PL/TP (H/F) - Trouvée sur : Adworks,Orléans Bannier - Agence d'Intérim Adwork's,
Chauffeur de Mecalac F/H - Trouvée sur : Eurovia - Vinci Groupe,"Bourgoin-Jallieu, Auvergne-Rhône-Alpes 38300",
Chauffeur PL TP (H/F) - Trouvée sur : LinkAdviz,"Rennes, Bretagne 35000",
Chauffeur Livreur H/F - Trouvée sur : Restoria,"Saint-Jacques-de-la-Lande, Bretagne 35136",
Chauffeurs Spl H/f Cesson-sevigne (35) (H/F) - Trouvée sur : Malherbe Transports,"Cesson-Sévigné, Bretagne 35510",
Chauffeur - Porteur H/f (H/F) - Trouvée sur : Vallée Sud Grand Paris,"Antony, Île-de-France 92160",
Chauffeur (h/f) - Trouvée sur : CREAI CENTRE,"Orléans, Centre-Val de Loire 45000",
Saisonnier Chauffeur tracteur - cariste H/F - Trouvée sur : Eureden,"Noyal-Pontivy, Bretagne 56920",
Chauffeurs Spl H/f Kervignac (56) (H/F) - Trouvée sur : Malherbe Transports,"Kervignac, Bretagne 56700",
Chauffeur Poids Lourds H/f (H/F) - Trouvée sur : Brioche Pasquier,"Les Cerqueux, Pays-de-la-Loire 49360",
CHAUFFEUR LIVREUR H/F - Trouvée sur : Euralis,,
Chauffeur PL - Responsable Transport H/F - Trouvée sur : Groupe Samse,"Saint-Pierre-d'Albigny, Auvergne-Rhône-Alpes 73250",
Chauffeur(se) PL (H/F) - Trouvée sur : Artus interim CDD CDI,SCEAUX SUR HUISNE,
Chauffeur(se) PL (H/F) - Trouvée sur : Artus interim CDD CDI,LOCHES,
CHAUFFEUR PL(H/F) - Trouvée sur : Adworks,Malesherbes - Agence d'intérim Adwork's,
Chauffeur Poids Lourds Aspiratrice-excavatrice (17) (H/F) - Trouvée sur : Sobeca,"La Rochelle, Nouvelle-Aquitaine 17000",
CHAUFFEUR PL DECHETS (H/F) - Trouvée sur : Adworks,Tours - Agence d'intérim Adwork's,
Alternant Chauffeur-livreur Pl H/f (rodez) (H/F) - Trouvée sur : Brake France,"Rodez, Occitanie 12000",
